task,learner,optimizer,constants,expression,score
24,glmnet,None,FALSE,nearest_neighbour,0.0096974036111345
3549,glmnet,None,FALSE,nearest_neighbour,0.0276359792511772
125922,glmnet,None,FALSE,nearest_neighbour,0.0362384273613304
3893,glmnet,None,FALSE,nearest_neighbour,0.0188268677969244
146800,glmnet,None,FALSE,nearest_neighbour,0.0213683104982446
167211,glmnet,None,FALSE,nearest_neighbour,0.0246896578761261
10093,glmnet,None,FALSE,nearest_neighbour,0.0365670534303709
3512,glmnet,None,FALSE,nearest_neighbour,0.036594193569976
168868,glmnet,None,FALSE,nearest_neighbour,0.0288797390152607
3907,glmnet,None,FALSE,nearest_neighbour,0.0284430296403518
14970,glmnet,None,FALSE,nearest_neighbour,0.0874178186342517
168338,glmnet,None,FALSE,nearest_neighbour,0.182440483318246
3485,glmnet,None,FALSE,nearest_neighbour,0.0515679263258665
49,glmnet,None,FALSE,nearest_neighbour,0.558071139709906
9946,glmnet,None,FALSE,nearest_neighbour,0.0768076940110221
146820,glmnet,None,FALSE,nearest_neighbour,0.132530344408459
3,glmnet,None,FALSE,nearest_neighbour,0.103888785707967
15,glmnet,None,FALSE,nearest_neighbour,0.0935747566593799
12,glmnet,None,FALSE,nearest_neighbour,0.106299472945352
28,glmnet,None,FALSE,nearest_neighbour,0.117161239456117
167125,glmnet,None,FALSE,nearest_neighbour,0.10138805632446
3021,glmnet,None,FALSE,nearest_neighbour,0.106601544914274
146212,glmnet,None,FALSE,nearest_neighbour,0.11790793575813
3481,glmnet,None,FALSE,nearest_neighbour,0.134211207909271
167140,glmnet,None,FALSE,nearest_neighbour,0.485219442447598
9977,glmnet,None,FALSE,nearest_neighbour,0.125045603420345
45,glmnet,None,FALSE,nearest_neighbour,0.715599411065776
146819,glmnet,None,FALSE,nearest_neighbour,0.168521622885454
146824,glmnet,None,FALSE,nearest_neighbour,0.167530988535557
168909,glmnet,None,FALSE,nearest_neighbour,0.171667283714398
14952,glmnet,None,FALSE,nearest_neighbour,0.145319063460637
9978,glmnet,None,FALSE,nearest_neighbour,0.148028486142743
146822,glmnet,None,FALSE,nearest_neighbour,0.170201812302929
146821,glmnet,None,FALSE,nearest_neighbour,0.153928823846043
41,glmnet,None,FALSE,nearest_neighbour,0.331602074230163
32,glmnet,None,FALSE,nearest_neighbour,0.158307300689902
3510,glmnet,None,FALSE,nearest_neighbour,0.167322321754838
16,glmnet,None,FALSE,nearest_neighbour,0.176138467270362
9986,glmnet,None,FALSE,nearest_neighbour,
9981,glmnet,None,FALSE,nearest_neighbour,0.197604935155188
34539,glmnet,None,FALSE,nearest_neighbour,0.210361406673181
3918,glmnet,None,FALSE,nearest_neighbour,0.224782922225759
3902,glmnet,None,FALSE,nearest_neighbour,0.230037392935597
168912,glmnet,None,FALSE,nearest_neighbour,0.284696323463129
43,glmnet,None,FALSE,nearest_neighbour,0.240317333926569
14965,glmnet,None,FALSE,nearest_neighbour,0.239690253475217
9964,glmnet,None,FALSE,nearest_neighbour,0.24334043358643
11,glmnet,None,FALSE,nearest_neighbour,0.266145592678145
3903,glmnet,None,FALSE,nearest_neighbour,0.279365646912892
3573,glmnet,None,FALSE,nearest_neighbour,0.291170692830335
168335,glmnet,None,FALSE,nearest_neighbour,0.309808768080352
58,glmnet,None,FALSE,nearest_neighbour,0.304396097034593
167141,glmnet,None,FALSE,nearest_neighbour,0.305974818312309
168336,glmnet,None,FALSE,nearest_neighbour,0.307669578946995
146607,glmnet,None,FALSE,nearest_neighbour,0.323271984173089
7592,glmnet,None,FALSE,nearest_neighbour,0.318394930403144
190411,glmnet,None,FALSE,nearest_neighbour,0.327271526173744
29,glmnet,None,FALSE,nearest_neighbour,0.334870896906987
146818,glmnet,None,FALSE,nearest_neighbour,0.333878748258531
9957,glmnet,None,FALSE,nearest_neighbour,0.332105761410213
3917,glmnet,None,FALSE,nearest_neighbour,0.352989326950121
2074,glmnet,None,FALSE,nearest_neighbour,0.362477241385543
22,glmnet,None,FALSE,nearest_neighbour,0.382542445466536
3913,glmnet,None,FALSE,nearest_neighbour,0.418593564266579
53,glmnet,None,FALSE,nearest_neighbour,0.408437983690315
3022,glmnet,None,FALSE,nearest_neighbour,0.742823812598907
168911,glmnet,None,FALSE,nearest_neighbour,0.442648563129187
14971,glmnet,None,FALSE,nearest_neighbour,0.440548643411413
3904,glmnet,None,FALSE,nearest_neighbour,0.452553071301457
14,glmnet,None,FALSE,nearest_neighbour,0.461400454973187
14954,glmnet,None,FALSE,nearest_neighbour,0.48379428269324
190412,glmnet,None,FALSE,nearest_neighbour,0.65518606180816
9952,glmnet,None,FALSE,nearest_neighbour,0.471858889029031
10101,glmnet,None,FALSE,nearest_neighbour,0.478094834381869
37,glmnet,None,FALSE,nearest_neighbour,0.483958233726666
9910,glmnet,None,FALSE,nearest_neighbour,0.49080522680542
31,glmnet,None,FALSE,nearest_neighbour,0.49330717088757
219,glmnet,None,FALSE,nearest_neighbour,0.499230114895313
9971,glmnet,None,FALSE,nearest_neighbour,0.506260276584476
3561,glmnet,None,FALSE,nearest_neighbour,0.586008418727625
168908,glmnet,None,FALSE,nearest_neighbour,0.55207178787734
168337,glmnet,None,FALSE,nearest_neighbour,0.62296528981
189927,glmnet,None,FALSE,nearest_neighbour,0.582044954969162
146195,glmnet,None,FALSE,nearest_neighbour,0.603580272347436
18,glmnet,None,FALSE,nearest_neighbour,0.725259633336992
146606,glmnet,None,FALSE,nearest_neighbour,0.639275536557131
3493,glmnet,None,FALSE,nearest_neighbour,0.645701966190396
9956,glmnet,None,FALSE,nearest_neighbour,0.663523579546077
125920,glmnet,None,FALSE,nearest_neighbour,0.911260548911086
9976,glmnet,None,FALSE,nearest_neighbour,0.771133346819233
189928,glmnet,None,FALSE,nearest_neighbour,0.747088571581556
167120,glmnet,None,FALSE,nearest_neighbour,0.691642378848534
9960,glmnet,None,FALSE,nearest_neighbour,0.701963624948547
167119,glmnet,None,FALSE,nearest_neighbour,0.725332550184973
146817,glmnet,None,FALSE,nearest_neighbour,0.775529581700921
168910,glmnet,None,FALSE,nearest_neighbour,2.50514311126371
125921,glmnet,None,FALSE,nearest_neighbour,0.863358682688408
168330,glmnet,None,FALSE,nearest_neighbour,0.832680104974779
6,glmnet,None,FALSE,nearest_neighbour,0.853862269928009
2079,glmnet,None,FALSE,nearest_neighbour,
168339,glmnet,None,FALSE,nearest_neighbour,0.890096474672804
23,glmnet,None,FALSE,nearest_neighbour,0.95786461064311
9950,glmnet,None,FALSE,nearest_neighbour,1.16633317909906
2073,glmnet,None,FALSE,nearest_neighbour,1.08312614643609
145681,glmnet,None,FALSE,nearest_neighbour,1.10116146210272
168331,glmnet,None,FALSE,nearest_neighbour,1.18548159928109
14969,glmnet,None,FALSE,nearest_neighbour,1.28288576759621
10090,glmnet,None,FALSE,nearest_neighbour,2.02774333238561
9985,glmnet,None,FALSE,nearest_neighbour,1.42647386473744
3560,glmnet,None,FALSE,nearest_neighbour,1.78415879032277
189924,glmnet,None,FALSE,nearest_neighbour,2.25264758676525
168329,glmnet,None,FALSE,nearest_neighbour,2.97451931581
9964,glmnet,None,FALSE,symbolic,0.307254914024306
146800,glmnet,None,FALSE,symbolic,0.0556499759465088
146822,glmnet,None,FALSE,symbolic,0.224425595033508
167140,glmnet,None,FALSE,symbolic,0.157507350747388
168336,glmnet,None,FALSE,symbolic,0.308993626775323
9981,glmnet,None,FALSE,symbolic,0.218548310011012
3481,glmnet,None,FALSE,symbolic,0.132634973065265
146819,glmnet,None,FALSE,symbolic,0.13747704433158
24,glmnet,None,FALSE,symbolic,0.00791283473996624
58,glmnet,None,FALSE,symbolic,0.305184497447031
34539,glmnet,None,FALSE,symbolic,0.210054437146091
3561,glmnet,None,FALSE,symbolic,0.553442794978517
168868,glmnet,None,FALSE,symbolic,0.0325170603199973
28,glmnet,None,FALSE,symbolic,0.110850499951793
9977,glmnet,None,FALSE,symbolic,0.139604922777706
45,glmnet,None,FALSE,symbolic,0.135904669660914
9956,glmnet,None,FALSE,symbolic,0.734360286548229
146821,glmnet,None,FALSE,symbolic,0.189758222569729
3485,glmnet,None,FALSE,symbolic,0.0553179547180082
167120,glmnet,None,FALSE,symbolic,0.691687241766798
41,glmnet,None,FALSE,symbolic,0.223825586168831
16,glmnet,None,FALSE,symbolic,0.201182059546483
125922,glmnet,None,FALSE,symbolic,0.0186452916363218
7592,glmnet,None,FALSE,symbolic,0.319426949842519
2073,glmnet,None,FALSE,symbolic,1.0964458002705
6,glmnet,None,FALSE,symbolic,0.0879545763346198
18,glmnet,None,FALSE,symbolic,0.634803757378611
189924,glmnet,None,FALSE,symbolic,2.16865293443653
3918,glmnet,None,FALSE,symbolic,0.239654433831389
146195,glmnet,None,FALSE,symbolic,0.603504950890326
3549,glmnet,None,FALSE,symbolic,0.0299253659844257
10101,glmnet,None,FALSE,symbolic,0.477414755681181
14954,glmnet,None,FALSE,symbolic,0.561231585693546
9952,glmnet,None,FALSE,symbolic,0.471764309956006
145681,glmnet,None,FALSE,symbolic,1.10559976017489
168912,glmnet,None,FALSE,symbolic,0.226074303950076
168339,glmnet,None,FALSE,symbolic,0.890449549501436
146817,glmnet,None,FALSE,symbolic,0.774395899157619
3902,glmnet,None,FALSE,symbolic,0.223612523318537
9957,glmnet,None,FALSE,symbolic,0.33404036966863
23,glmnet,None,FALSE,symbolic,0.957189474748603
3512,glmnet,None,FALSE,symbolic,0.144986126583277
9950,glmnet,None,FALSE,symbolic,1.81260835188503
37,glmnet,None,FALSE,symbolic,0.483894742961905
146824,glmnet,None,FALSE,symbolic,0.159942460941022
10093,glmnet,None,FALSE,symbolic,0.0282927048057272
168910,glmnet,None,FALSE,symbolic,0.929831227062523
3560,glmnet,None,FALSE,symbolic,1.77839125403215
190411,glmnet,None,FALSE,symbolic,0.325669413355559
12,glmnet,None,FALSE,symbolic,0.096817432477283
167141,glmnet,None,FALSE,symbolic,0.305213456904091
146212,glmnet,None,FALSE,symbolic,
168335,glmnet,None,FALSE,symbolic,0.347662732694513
49,glmnet,None,FALSE,symbolic,0.0854026848269965
14971,glmnet,None,FALSE,symbolic,0.441168800069503
14952,glmnet,None,FALSE,symbolic,0.148057531347016
125921,glmnet,None,FALSE,symbolic,0.831208394941909
3493,glmnet,None,FALSE,symbolic,0.645483539859096
53,glmnet,None,FALSE,symbolic,0.447499290504426
146818,glmnet,None,FALSE,symbolic,0.342707470759859
3893,glmnet,None,FALSE,symbolic,0.0185828236747731
32,glmnet,None,FALSE,symbolic,0.267477557378454
167211,glmnet,None,FALSE,symbolic,0.027453831561431
14970,glmnet,None,FALSE,symbolic,0.0656873358621083
11,glmnet,None,FALSE,symbolic,0.268812361359412
9986,glmnet,None,FALSE,symbolic,0.246565939565423
22,glmnet,None,FALSE,symbolic,0.405362893937246
9946,glmnet,None,FALSE,symbolic,0.0771770904310942
3021,glmnet,None,FALSE,symbolic,0.109103069613577
146607,glmnet,None,FALSE,symbolic,0.317829955382274
168331,glmnet,None,FALSE,symbolic,1.18394619487385
2074,glmnet,None,FALSE,symbolic,0.451048260094988
168908,glmnet,None,FALSE,symbolic,0.570477526487656
167125,glmnet,None,FALSE,symbolic,0.173930287875249
31,glmnet,None,FALSE,symbolic,0.502788369318831
3913,glmnet,None,FALSE,symbolic,0.377934445145731
14965,glmnet,None,FALSE,symbolic,0.240684967089347
146820,glmnet,None,FALSE,symbolic,0.0904641379285748
9960,glmnet,None,FALSE,symbolic,0.716014157074719
3903,glmnet,None,FALSE,symbolic,0.285148730847915
219,glmnet,None,FALSE,symbolic,0.499227801321687
168909,glmnet,None,FALSE,symbolic,0.185658109075328
9978,glmnet,None,FALSE,symbolic,0.149308471960678
3904,glmnet,None,FALSE,symbolic,0.448167283182381
3917,glmnet,None,FALSE,symbolic,0.349903396635176
9910,glmnet,None,FALSE,symbolic,0.53824832761571
15,glmnet,None,FALSE,symbolic,0.094795266556428
9985,glmnet,None,FALSE,symbolic,1.41952892148025
3022,glmnet,None,FALSE,symbolic,0.658068070164867
9976,glmnet,None,FALSE,symbolic,0.782200384949808
189928,glmnet,None,FALSE,symbolic,0.712219046644248
168911,glmnet,None,FALSE,symbolic,0.44373434824339
9971,glmnet,None,FALSE,symbolic,0.510408115851644
189927,glmnet,None,FALSE,symbolic,0.582552610925542
14969,glmnet,None,FALSE,symbolic,1.28266247256381
167119,glmnet,None,FALSE,symbolic,0.725321707255417
168338,glmnet,None,FALSE,symbolic,0.135942129184555
2079,glmnet,None,FALSE,symbolic,
29,glmnet,None,FALSE,symbolic,0.333922710221147
190412,glmnet,None,FALSE,symbolic,0.679289230030132
168329,glmnet,None,FALSE,symbolic,2.94287112515421
14,glmnet,None,FALSE,symbolic,0.456169536301472
168330,glmnet,None,FALSE,symbolic,0.842906607384021
3510,glmnet,None,FALSE,symbolic,0.23453623811919
43,glmnet,None,FALSE,symbolic,0.235954216570795
9964,glmnet,None,FALSE,symbolic,0.294897226031649
146606,glmnet,None,FALSE,symbolic,0.639392695956413
3907,glmnet,None,FALSE,symbolic,0.0301934071533884
3,glmnet,None,FALSE,symbolic,0.0994442748194492
125920,glmnet,None,FALSE,symbolic,0.953539531040769
145681,knn,None,FALSE,symbolic,1.55696068294005
146819,knn,None,FALSE,symbolic,0.215662375009109
9978,knn,None,FALSE,symbolic,0.24145636236411
146820,knn,None,FALSE,symbolic,0.128260397851494
167121,knn,None,FALSE,symbolic,0.653500211784477
3945,knn,None,FALSE,symbolic,0.29056302678454
31,knn,None,FALSE,symbolic,0.607273432922444
168331,knn,None,FALSE,symbolic,1.40770919104995
168330,knn,None,FALSE,symbolic,1.1141859593845
49,knn,None,FALSE,symbolic,0.21322369897144
168335,knn,None,FALSE,symbolic,0.291646163305041
3907,knn,None,FALSE,symbolic,0.0522204222159378
146821,knn,None,FALSE,symbolic,0.571845461319565
189924,knn,None,FALSE,symbolic,3.13258881798193
14969,knn,None,FALSE,symbolic,1.23150013668752
9952,knn,None,FALSE,symbolic,0.367852613882197
10101,knn,None,FALSE,symbolic,1.49974965171114
3902,knn,None,FALSE,symbolic,0.352833131200264
2073,knn,None,FALSE,symbolic,1.49726759300308
9950,knn,None,FALSE,symbolic,1.91587814053325
43,knn,None,FALSE,symbolic,0.501114182843356
10090,knn,None,FALSE,symbolic,5.08528022541213
10093,knn,None,FALSE,symbolic,0.0379711257973909
167140,knn,None,FALSE,symbolic,0.550631539783201
168329,knn,None,FALSE,symbolic,10.7837398284533
168911,knn,None,FALSE,symbolic,0.465203793903091
146824,knn,None,FALSE,symbolic,0.234684489066357
9956,knn,None,FALSE,symbolic,2.28383009350916
168339,knn,None,FALSE,symbolic,0.950542312379991
168908,knn,None,FALSE,symbolic,0.576409961465543
167125,knn,None,FALSE,symbolic,0.300948126667429
3913,knn,None,FALSE,symbolic,0.680315205894419
3903,knn,None,FALSE,symbolic,0.406909860758095
3904,knn,None,FALSE,symbolic,0.471828399308021
9985,knn,None,FALSE,symbolic,1.65940771025901
3021,knn,None,FALSE,symbolic,0.303438468115566
9976,knn,None,FALSE,symbolic,0.552354698467831
168910,knn,None,FALSE,symbolic,1.18785271110873
146607,knn,None,FALSE,symbolic,0.3940065018308
14965,knn,None,FALSE,symbolic,0.360681878530691
14952,knn,None,FALSE,symbolic,0.174794849146266
146818,knn,None,FALSE,symbolic,0.562641894580816
146606,knn,None,FALSE,symbolic,0.651878620820695
9946,knn,None,FALSE,symbolic,0.252670262101759
9960,rf,None,FALSE,symbolic,0.0183726239858527
9986,rf,None,FALSE,symbolic,0.068221671563351
14954,rf,None,FALSE,symbolic,0.426369902601098
189927,rf,None,FALSE,symbolic,0.608210217174436
2073,rf,None,FALSE,symbolic,1.06689618438653
9985,rf,None,FALSE,symbolic,1.10001410273444
167211,rf,None,FALSE,symbolic,0.0257250094548937
9952,rf,None,FALSE,symbolic,0.284998079219448
146819,rf,None,FALSE,symbolic,0.181408379938883
3481,rf,None,FALSE,symbolic,0.333967412636582
9981,rf,None,FALSE,symbolic,0.375354682196712
167124,rf,None,FALSE,symbolic,1.60215248743982
168909,rf,None,FALSE,symbolic,0.303506774983306
3945,rf,None,FALSE,symbolic,0.0885245931005679
3893,rf,None,FALSE,symbolic,0.131773585836572
24,rpart,None,FALSE,nearest_neighbour,0.00729037701841398
146212,rpart,None,FALSE,nearest_neighbour,0.0120911018590325
168868,rpart,None,FALSE,nearest_neighbour,0.0351827196204199
167211,rpart,None,FALSE,nearest_neighbour,0.0411149309604839
3893,rpart,None,FALSE,nearest_neighbour,0.0610213036732295
3,rpart,None,FALSE,nearest_neighbour,0.0913049045453549
146820,rpart,None,FALSE,nearest_neighbour,0.120457028427797
9960,rpart,None,FALSE,nearest_neighbour,0.129752935995248
10093,rpart,None,FALSE,nearest_neighbour,0.154256211881868
146821,rpart,None,FALSE,nearest_neighbour,0.154910990676561
167125,rpart,None,FALSE,nearest_neighbour,0.187981919623668
9977,rpart,None,FALSE,nearest_neighbour,0.156028481199248
14952,rpart,None,FALSE,nearest_neighbour,0.180318316376052
49,rpart,None,FALSE,nearest_neighbour,0.161853056792106
3485,rpart,None,FALSE,nearest_neighbour,0.24066629651409
167141,rpart,None,FALSE,nearest_neighbour,0.197499606524769
45,rpart,None,FALSE,nearest_neighbour,0.279567405524424
3902,rpart,None,FALSE,nearest_neighbour,0.224319525246564
14965,rpart,None,FALSE,nearest_neighbour,0.226803250344578
168335,rpart,None,FALSE,nearest_neighbour,0.245421644482886
146822,rpart,None,FALSE,nearest_neighbour,0.314939663748424
9946,rpart,None,FALSE,nearest_neighbour,0.277023943167278
43,rpart,None,FALSE,nearest_neighbour,0.295457609922634
167140,rpart,None,FALSE,nearest_neighbour,0.538138849401207
14970,rpart,None,FALSE,nearest_neighbour,0.314392415415256
41,rpart,None,FALSE,nearest_neighbour,2.01138066326286
168336,rpart,None,FALSE,nearest_neighbour,0.317997343725867
7592,rpart,None,FALSE,nearest_neighbour,0.321338318439648
168338,rpart,None,FALSE,nearest_neighbour,0.366802169929401
190411,rpart,None,FALSE,nearest_neighbour,0.371165692041636
146607,rpart,None,FALSE,nearest_neighbour,0.388839146648415
9986,rpart,None,FALSE,nearest_neighbour,0.367150009928049
219,rpart,None,FALSE,nearest_neighbour,0.392907842729974
3917,rpart,None,FALSE,nearest_neighbour,0.377332013603845
3913,rpart,None,FALSE,nearest_neighbour,0.380930162054002
9952,rpart,None,FALSE,nearest_neighbour,0.423853751220111
168911,rpart,None,FALSE,nearest_neighbour,0.446420677602594
32,rpart,None,FALSE,nearest_neighbour,0.51065486768419
167119,rpart,None,FALSE,nearest_neighbour,0.702947665460177
3904,rpart,None,FALSE,nearest_neighbour,0.487324751417722
9957,rpart,None,FALSE,nearest_neighbour,0.482292671093679
3549,rpart,None,FALSE,nearest_neighbour,0.482339449468315
10101,rpart,None,FALSE,nearest_neighbour,0.477918160951651
9976,rpart,None,FALSE,nearest_neighbour,0.60162982349527
37,rpart,None,FALSE,nearest_neighbour,0.569437750302606
14954,rpart,None,FALSE,nearest_neighbour,0.563532232659082
168337,rpart,None,FALSE,nearest_neighbour,0.529447962802584
9910,rpart,None,FALSE,nearest_neighbour,0.555081739926511
31,rpart,None,FALSE,nearest_neighbour,0.547690014094218
9971,rpart,None,FALSE,nearest_neighbour,0.565265376348911
2074,rpart,None,FALSE,nearest_neighbour,0.574727841503155
125922,rpart,None,FALSE,nearest_neighbour,0.628210282337241
146606,rpart,None,FALSE,nearest_neighbour,0.633846610158282
168908,rpart,None,FALSE,nearest_neighbour,0.606533355131539
3561,rpart,None,FALSE,nearest_neighbour,1.6424035836822
58,rpart,None,FALSE,nearest_neighbour,0.677249662922703
146195,rpart,None,FALSE,nearest_neighbour,0.641988622366254
125920,rpart,None,FALSE,nearest_neighbour,1.43442248689039
146825,rpart,None,FALSE,nearest_neighbour,0.695246231886588
3512,rpart,None,FALSE,nearest_neighbour,0.790632895197566
167120,rpart,None,FALSE,nearest_neighbour,0.718325046707101
9970,rpart,None,FALSE,nearest_neighbour,1.07040481642591
11,rpart,None,FALSE,nearest_neighbour,0.84418171220507
189928,rpart,None,FALSE,nearest_neighbour,0.730770426412815
53,rpart,None,FALSE,nearest_neighbour,0.821966007029219
3573,rpart,None,FALSE,nearest_neighbour,0.760027492338712
9981,rpart,None,FALSE,nearest_neighbour,1.06105581318079
168330,rpart,None,FALSE,nearest_neighbour,0.881291743755347
3510,rpart,None,FALSE,nearest_neighbour,0.904569240858897
168909,rpart,None,FALSE,nearest_neighbour,1.03093462501173
168339,rpart,None,FALSE,nearest_neighbour,0.884718421886268
28,rpart,None,FALSE,nearest_neighbour,0.957302962832371
12,rpart,None,FALSE,nearest_neighbour,0.970066777250797
23,rpart,None,FALSE,nearest_neighbour,0.943252100021394
18,rpart,None,FALSE,nearest_neighbour,0.992990110740987
146817,rpart,None,FALSE,nearest_neighbour,1.14899029313891
146800,rpart,None,FALSE,nearest_neighbour,1.13877531312991
146824,rpart,None,FALSE,nearest_neighbour,1.2501454418292
145681,rpart,None,FALSE,nearest_neighbour,1.34087540765335
14969,rpart,None,FALSE,nearest_neighbour,1.43495548709814
14,rpart,None,FALSE,nearest_neighbour,1.22683818003616
3481,rpart,None,FALSE,nearest_neighbour,1.42603500404065
16,rpart,None,FALSE,nearest_neighbour,1.30887639792077
6,rpart,None,FALSE,nearest_neighbour,1.50410893931903
22,rpart,None,FALSE,nearest_neighbour,1.40689407577783
168331,rpart,None,FALSE,nearest_neighbour,1.4223951360761
9985,rpart,None,FALSE,nearest_neighbour,1.56782232961928
2073,rpart,None,FALSE,nearest_neighbour,1.65912624037566
9964,rpart,None,FALSE,nearest_neighbour,1.70503540601453
3022,rpart,None,FALSE,nearest_neighbour,2.51672271831233
168910,rpart,None,FALSE,nearest_neighbour,1.72050716157652
3560,rpart,None,FALSE,nearest_neighbour,2.87820792215404
125921,rpart,None,FALSE,nearest_neighbour,1.96132693790546
167124,rpart,None,FALSE,nearest_neighbour,2.09738552551086
168332,rpart,None,FALSE,nearest_neighbour,2.26765515516793
9950,rpart,None,FALSE,nearest_neighbour,4.58234550131112
167121,rpart,None,FALSE,nearest_neighbour,2.86159118568509
10090,rpart,None,FALSE,nearest_neighbour,5.54512222550569
168329,rpart,None,FALSE,nearest_neighbour,3.84970233821993
9956,rpart,None,FALSE,nearest_neighbour,5.44909283619864
190411,rpart,None,FALSE,symbolic,0.360412983568329
14954,rpart,None,FALSE,symbolic,0.528092201528804
9977,rpart,None,FALSE,symbolic,0.161670266639826
3560,rpart,None,FALSE,symbolic,1.96711658777164
22,rpart,None,FALSE,symbolic,1.67873256270325
6,rpart,None,FALSE,symbolic,0.193539949276776
146212,rpart,None,FALSE,symbolic,0.0121063072295492
41,rpart,None,FALSE,symbolic,1.17422391256321
145681,rpart,None,FALSE,symbolic,1.53042216431545
167140,rpart,None,FALSE,symbolic,0.303637751173903
9976,rpart,None,FALSE,symbolic,0.510005221039959
168908,rpart,None,FALSE,symbolic,0.689998440742055
146820,rpart,None,FALSE,symbolic,0.0960146608131125
49,rpart,None,FALSE,symbolic,0.362015342466239
18,rpart,None,FALSE,symbolic,0.961160238605031
14965,rpart,None,FALSE,symbolic,0.22478507395033
2073,rpart,None,FALSE,symbolic,1.65038125959024
3913,rpart,None,FALSE,symbolic,0.392472691363052
14952,rpart,None,FALSE,symbolic,0.174504259724579
9910,rpart,None,FALSE,symbolic,0.543502179756917
3485,rpart,None,FALSE,symbolic,0.225345056219173
9960,rpart,None,FALSE,symbolic,0.107591209921822
146607,rpart,None,FALSE,symbolic,0.368365070062037
167125,rpart,None,FALSE,symbolic,0.190191068937523
31,rpart,None,FALSE,symbolic,0.544183885252243
3904,rpart,None,FALSE,symbolic,0.453411301776998
3549,rpart,None,FALSE,symbolic,0.517290888848017
125922,rpart,None,FALSE,symbolic,0.654352715191565
168868,rpart,None,FALSE,symbolic,0.0336102283077827
146822,rpart,None,FALSE,symbolic,0.295808938295836
3510,rpart,None,FALSE,symbolic,0.882015887485206
14,rpart,None,FALSE,symbolic,1.2301103807099
167120,rpart,None,FALSE,symbolic,0.704995474602354
3902,rpart,None,FALSE,symbolic,0.230800762884257
9985,rpart,None,FALSE,symbolic,1.51962124822792
146824,rpart,None,FALSE,symbolic,2.30258509299405
168339,rpart,None,FALSE,symbolic,0.914980226001869
3512,rpart,None,FALSE,symbolic,0.795942930420628
43,rpart,None,FALSE,symbolic,0.281337031608464
10101,rpart,None,FALSE,symbolic,0.531658974192766
146817,rpart,None,FALSE,symbolic,1.11232893071084
167124,rpart,None,FALSE,symbolic,2.03472072289823
16,rpart,None,FALSE,symbolic,1.40594483144073
146195,rpart,None,FALSE,symbolic,0.6751542904721
3560,rpart,None,FALSE,symbolic,3.80250678929421
9981,rpart,None,FALSE,symbolic,1.51246892003363
24,svm,None,FALSE,nearest_neighbour,0.00348548017732796
10093,svm,None,FALSE,nearest_neighbour,0.00593425075661421
3493,svm,None,FALSE,nearest_neighbour,0.176102802435063
49,svm,None,FALSE,nearest_neighbour,0.00826107542176409
146212,svm,None,FALSE,nearest_neighbour,0.00429889789728983
10106,svm,None,FALSE,nearest_neighbour,0.00612065649660956
3,svm,None,FALSE,nearest_neighbour,0.138063576564244
146821,svm,None,FALSE,nearest_neighbour,0.0342633051187723
3510,svm,None,FALSE,nearest_neighbour,0.0243192639634464
3893,svm,None,FALSE,nearest_neighbour,0.0248815684838451
125922,svm,None,FALSE,nearest_neighbour,0.0225562361103498
167211,svm,None,FALSE,nearest_neighbour,0.0236486115820608
32,svm,None,FALSE,nearest_neighbour,0.0220994233296162
3549,svm,None,FALSE,nearest_neighbour,0.056229268300605
3907,svm,None,FALSE,nearest_neighbour,0.0317922112988372
168868,svm,None,FALSE,nearest_neighbour,0.0513388749888203
9986,svm,None,FALSE,nearest_neighbour,0.0445790507090119
14970,svm,None,FALSE,nearest_neighbour,0.0516084521138981
146820,svm,None,FALSE,nearest_neighbour,0.0698520095230904
168909,svm,None,FALSE,nearest_neighbour,0.0392376335359977
146800,svm,None,FALSE,nearest_neighbour,0.0607131100100302
3021,svm,None,FALSE,nearest_neighbour,0.100008273489013
28,svm,None,FALSE,nearest_neighbour,0.0537208221891492
3512,svm,None,FALSE,nearest_neighbour,0.0680303990020666
11,svm,None,FALSE,nearest_neighbour,0.390036372821772
9946,svm,None,FALSE,nearest_neighbour,0.0782099151666523
3022,svm,None,FALSE,nearest_neighbour,0.153125764388364
3485,svm,None,FALSE,nearest_neighbour,0.0807109060896047
14952,svm,None,FALSE,nearest_neighbour,0.090020020263182
167125,svm,None,FALSE,nearest_neighbour,0.100673953617951
6,svm,None,FALSE,nearest_neighbour,0.0881055867690101
15,svm,None,FALSE,nearest_neighbour,0.0931435319791409
146824,svm,None,FALSE,nearest_neighbour,0.0939385001199499
12,svm,None,FALSE,nearest_neighbour,0.0973925412686996
9977,svm,None,FALSE,nearest_neighbour,0.327333838738177
16,svm,None,FALSE,nearest_neighbour,0.116620365456559
146822,svm,None,FALSE,nearest_neighbour,0.140340962102608
167140,svm,None,FALSE,nearest_neighbour,0.160039543174183
146819,svm,None,FALSE,nearest_neighbour,0.150858662112651
45,svm,None,FALSE,nearest_neighbour,0.14058635336931
9978,svm,None,FALSE,nearest_neighbour,0.14660915775798
9964,svm,None,FALSE,nearest_neighbour,0.157032053123342
43,svm,None,FALSE,nearest_neighbour,0.177242980529008
168912,svm,None,FALSE,nearest_neighbour,0.194189037678505
3918,svm,None,FALSE,nearest_neighbour,0.223663323302913
9960,svm,None,FALSE,nearest_neighbour,0.326687644049451
167141,svm,None,FALSE,nearest_neighbour,0.233384006683186
2074,svm,None,FALSE,nearest_neighbour,0.210947994816907
9981,svm,None,FALSE,nearest_neighbour,0.680518995764536
34539,svm,None,FALSE,nearest_neighbour,0.221227890273071
3902,svm,None,FALSE,nearest_neighbour,0.25116609614292
14965,svm,None,FALSE,nearest_neighbour,0.290727413403812
9952,svm,None,FALSE,nearest_neighbour,0.471018663740719
167119,svm,None,FALSE,nearest_neighbour,0.288079119649555
9957,svm,None,FALSE,nearest_neighbour,0.313347155405056
22,svm,None,FALSE,nearest_neighbour,0.308099010599452
58,svm,None,FALSE,nearest_neighbour,0.367349197761738
146607,svm,None,FALSE,nearest_neighbour,0.315417732349017
168336,svm,None,FALSE,nearest_neighbour,0.327239162634473
7592,svm,None,FALSE,nearest_neighbour,0.345628785372577
53,svm,None,FALSE,nearest_neighbour,0.411362782852427
190411,svm,None,FALSE,nearest_neighbour,0.36928869324016
146818,svm,None,FALSE,nearest_neighbour,0.337836458285766
29,svm,None,FALSE,nearest_neighbour,0.349817831951655
3917,svm,None,FALSE,nearest_neighbour,0.395864868590104
219,svm,None,FALSE,nearest_neighbour,0.467588037227512
41,svm,None,FALSE,nearest_neighbour,0.398202030644466
14954,svm,None,FALSE,nearest_neighbour,0.454856210657272
3913,svm,None,FALSE,nearest_neighbour,0.412659650537239
14,svm,None,FALSE,nearest_neighbour,0.395410199471889
146195,svm,None,FALSE,nearest_neighbour,0.526664291402247
168911,svm,None,FALSE,nearest_neighbour,0.419747391163251
9970,svm,None,FALSE,nearest_neighbour,0.686516804230235
3904,svm,None,FALSE,nearest_neighbour,0.464501236685334
9910,svm,None,FALSE,nearest_neighbour,0.54623840837129
37,svm,None,FALSE,nearest_neighbour,0.487576997271214
10101,svm,None,FALSE,nearest_neighbour,0.498827554947377
31,svm,None,FALSE,nearest_neighbour,0.505880268430194
3561,svm,None,FALSE,nearest_neighbour,0.510594868783053
9971,svm,None,FALSE,nearest_neighbour,0.577911292282031
189928,svm,None,FALSE,nearest_neighbour,0.591799745111918
18,svm,None,FALSE,nearest_neighbour,0.72770484431542
146817,svm,None,FALSE,nearest_neighbour,0.745557372206768
189927,svm,None,FALSE,nearest_neighbour,0.627083067787572
125920,svm,None,FALSE,nearest_neighbour,0.679451368470191
9976,svm,None,FALSE,nearest_neighbour,0.661683841220138
2079,svm,None,FALSE,nearest_neighbour,0.798495403886589
145681,svm,None,FALSE,nearest_neighbour,0.922593552333599
125921,svm,None,FALSE,nearest_neighbour,1.01503252255652
168910,svm,None,FALSE,nearest_neighbour,0.912812397316184
23,svm,None,FALSE,nearest_neighbour,0.924492610704235
9950,svm,None,FALSE,nearest_neighbour,1.27015168231789
2073,svm,None,FALSE,nearest_neighbour,1.03854169403993
14969,svm,None,FALSE,nearest_neighbour,1.09653726301591
9985,svm,None,FALSE,nearest_neighbour,1.22785687920809
10090,svm,None,FALSE,nearest_neighbour,1.2097624294191
3560,svm,None,FALSE,nearest_neighbour,1.75764024730083
9956,svm,None,FALSE,nearest_neighbour,1.92158239279098
189924,svm,None,FALSE,nearest_neighbour,2.14331688538447
168329,svm,None,FALSE,nearest_neighbour,2.76106857891338
6,svm,None,FALSE,symbolic,0.0299053696256429
45,svm,None,FALSE,symbolic,0.137085910236916
9910,svm,None,FALSE,symbolic,0.469701710776206
125920,svm,None,FALSE,symbolic,0.678847746414312
146607,svm,None,FALSE,symbolic,0.325949405307747
9946,svm,None,FALSE,symbolic,0.0873905381958461
53,svm,None,FALSE,symbolic,0.344058837605175
22,svm,None,FALSE,symbolic,0.31718503844168
2073,svm,None,FALSE,symbolic,1.05793555914228
18,svm,None,FALSE,symbolic,0.611294118083602
9977,svm,None,FALSE,symbolic,0.104153046501536
28,svm,None,FALSE,symbolic,0.0513673028729552
3549,svm,None,FALSE,symbolic,0.0251326227317121
125922,svm,None,FALSE,symbolic,0.0176792790238557
32,svm,None,FALSE,symbolic,0.0228641342964512
3918,svm,None,FALSE,symbolic,0.210602494628584
9986,svm,None,FALSE,symbolic,0.0316093380278876
167141,svm,None,FALSE,symbolic,0.202686486956943
3493,svm,None,FALSE,symbolic,0.552385546639217
11,svm,None,FALSE,symbolic,0.18044451993119
9976,svm,None,FALSE,symbolic,0.678467428318896
168911,svm,None,FALSE,symbolic,0.429646459512311
3485,svm,None,FALSE,symbolic,0.175553787141586
146800,svm,None,FALSE,symbolic,0.0438441176742439
190411,svm,None,FALSE,symbolic,0.347000134808844
146818,svm,None,FALSE,symbolic,0.338718824285917
14,svm,None,FALSE,symbolic,0.392645288760468
43,svm,None,FALSE,symbolic,0.179239590115146
2079,svm,None,FALSE,symbolic,0.745356206812009
3893,svm,None,FALSE,symbolic,0.0198284322761692
10101,svm,None,FALSE,symbolic,0.494820423121419
146821,svm,None,FALSE,symbolic,0.0214315752427763
9981,svm,None,FALSE,symbolic,0.321837710067712
146817,svm,None,FALSE,symbolic,0.632955235659656
14952,svm,None,FALSE,symbolic,0.0871453738602332
3560,svm,None,FALSE,symbolic,1.77891149982713
9971,svm,None,FALSE,symbolic,0.566220163493127
3,svm,None,FALSE,symbolic,0.0190654696101133
146820,svm,None,FALSE,symbolic,0.0605474154021096
219,svm,None,FALSE,symbolic,0.435828638040215
3902,svm,None,FALSE,symbolic,0.225674975519129
12,svm,None,FALSE,symbolic,0.0992723906180341
189924,svm,None,FALSE,symbolic,2.17694876252905
167211,svm,None,FALSE,symbolic,0.0225315254908872
168910,svm,None,FALSE,symbolic,0.916601559186439
14954,svm,None,FALSE,symbolic,0.419360992611795
167140,svm,None,FALSE,symbolic,0.14582454555309
146212,svm,None,FALSE,symbolic,0.00454411501641061
168909,svm,None,FALSE,symbolic,0.0596183882218014
146824,svm,None,FALSE,symbolic,0.101701050486402
146819,svm,None,FALSE,symbolic,0.28684466411606
3907,svm,None,FALSE,symbolic,0.0276951850191436
9960,svm,None,FALSE,symbolic,0.207030955584555
23,svm,None,FALSE,symbolic,0.954835694749276
3510,svm,None,FALSE,symbolic,0.0327444880307667
9957,svm,None,FALSE,symbolic,0.296617059082465
37,svm,None,FALSE,symbolic,0.530723838180151
10106,svm,None,FALSE,symbolic,0.00662753109401761
167119,svm,None,FALSE,symbolic,0.366478448538493
2074,svm,None,FALSE,symbolic,0.239311676286985
3021,svm,None,FALSE,symbolic,0.0700097173485015
9950,svm,None,FALSE,symbolic,1.2527417266625
31,svm,None,FALSE,symbolic,0.508083095622872
10090,svm,None,FALSE,symbolic,1.4770229883749
14965,svm,None,FALSE,symbolic,0.241475107534625
146822,svm,None,FALSE,symbolic,0.143095399981
9970,svm,None,FALSE,symbolic,0.665967540895234
3913,svm,None,FALSE,symbolic,0.425450216497359
9956,svm,None,FALSE,symbolic,1.83849938167032
9985,svm,None,FALSE,symbolic,1.25714961038803
3917,svm,None,FALSE,symbolic,0.390703440281559
10093,svm,None,FALSE,symbolic,0.00315221985354957
167125,svm,None,FALSE,symbolic,0.0960263109296906
15,svm,None,FALSE,symbolic,0.133036152394466
145681,svm,None,FALSE,symbolic,1.00866864476608
189928,svm,None,FALSE,symbolic,0.53960567595275
9978,svm,None,FALSE,symbolic,0.150697694408666
41,svm,None,FALSE,symbolic,0.364877274610158
16,svm,None,FALSE,symbolic,0.120601630455164
58,svm,None,FALSE,symbolic,0.376554815822974
24,svm,None,FALSE,symbolic,0.000403886634757954
3904,svm,None,FALSE,symbolic,0.463610552728596
49,svm,None,FALSE,symbolic,0.00762282838236608
14970,svm,None,FALSE,symbolic,0.0356035297134994
3512,svm,None,FALSE,symbolic,0.0604433261380053
9952,svm,None,FALSE,symbolic,0.346585903475026
125921,svm,None,FALSE,symbolic,0.979635396873232
9964,svm,None,FALSE,symbolic,0.167369561849322
3561,svm,None,FALSE,symbolic,0.517895383844201
3022,svm,None,FALSE,symbolic,0.130564892681504
14969,svm,None,FALSE,symbolic,1.10545661792872
168912,svm,None,FALSE,symbolic,0.196909441264473
34539,svm,None,FALSE,symbolic,0.218882500991256
29,svm,None,FALSE,symbolic,0.34982606907366
3,glmnet,None,FALSE,package,0.153566464600956
6,glmnet,None,FALSE,package,1.62020007763696
11,glmnet,None,FALSE,package,0.31335137919634
12,glmnet,None,FALSE,package,0.249111763274092
14,glmnet,None,FALSE,package,0.596457595589481
15,glmnet,None,FALSE,package,0.101931803362613
16,glmnet,None,FALSE,package,0.331311104280264
18,glmnet,None,FALSE,package,0.804027354786748
22,glmnet,None,FALSE,package,0.600165684349618
23,glmnet,None,FALSE,package,0.959272187202621
24,glmnet,None,FALSE,package,0.0296248019275799
28,glmnet,None,FALSE,package,0.310799571326178
29,glmnet,None,FALSE,package,0.33287205022483
31,glmnet,None,FALSE,package,0.494213675704291
32,glmnet,None,FALSE,package,0.500023008025061
37,glmnet,None,FALSE,package,0.485418102793046
41,glmnet,None,FALSE,package,0.281104130957297
43,glmnet,None,FALSE,package,0.283376932227735
45,glmnet,None,FALSE,package,0.162663322404135
49,glmnet,None,FALSE,package,0.246713834862821
53,glmnet,None,FALSE,package,0.668864156867763
58,glmnet,None,FALSE,package,0.323187443315813
219,glmnet,None,FALSE,package,0.504489019682158
2073,glmnet,None,FALSE,package,1.12950776501058
2074,glmnet,None,FALSE,package,0.467376565776125
2079,glmnet,None,FALSE,package,1.56804368804522
3021,glmnet,None,FALSE,package,0.120759850456766
3022,glmnet,None,FALSE,package,1.17743575677457
3481,glmnet,None,FALSE,package,0.621804675548241
3485,glmnet,None,FALSE,package,0.0802355067252679
3493,glmnet,None,FALSE,package,0.641704192020544
3510,glmnet,None,FALSE,package,0.448306291489082
3512,glmnet,None,FALSE,package,0.208918296238102
3549,glmnet,None,FALSE,package,0.0683278317164381
3560,glmnet,None,FALSE,package,1.75025291622071
3561,glmnet,None,FALSE,package,0.54744677015342
3573,glmnet,None,FALSE,package,0.568894926223388
3893,glmnet,None,FALSE,package,0.0396114777168791
3902,glmnet,None,FALSE,package,0.243911181255596
3903,glmnet,None,FALSE,package,0.285160790494107
3904,glmnet,None,FALSE,package,0.452887289634939
3907,glmnet,None,FALSE,package,0.0359851064580725
3913,glmnet,None,FALSE,package,0.373094079345362
3917,glmnet,None,FALSE,package,0.354008701044536
3918,glmnet,None,FALSE,package,0.230915176153604
3945,glmnet,None,FALSE,package,0.0862592250113343
7592,glmnet,None,FALSE,package,0.335161263553071
9910,glmnet,None,FALSE,package,0.49590845187818
9946,glmnet,None,FALSE,package,0.100622668862096
9950,glmnet,None,FALSE,package,1.16321492872023
9952,glmnet,None,FALSE,package,0.473188956794637
9956,glmnet,None,FALSE,package,2.33771510332051
9957,glmnet,None,FALSE,package,0.353326717514935
9960,glmnet,None,FALSE,package,0.763625937006837
9964,glmnet,None,FALSE,package,0.495820138390778
9970,glmnet,None,FALSE,package,0.693153576717935
9971,glmnet,None,FALSE,package,0.515086715638637
9976,glmnet,None,FALSE,package,0.673712496476843
9977,glmnet,None,FALSE,package,0.167375661472096
9978,glmnet,None,FALSE,package,0.168420530797155
9981,glmnet,None,FALSE,package,0.300126764267764
9985,glmnet,None,FALSE,package,1.46683579725981
9986,glmnet,None,FALSE,package,0.467832182548147
10090,glmnet,None,FALSE,package,1.77405602415963
10093,glmnet,None,FALSE,package,0.0755055154265471
10101,glmnet,None,FALSE,package,0.478918400534978
14952,glmnet,None,FALSE,package,0.17346135031536
14954,glmnet,None,FALSE,package,0.480672117321928
14965,glmnet,None,FALSE,package,0.25004359875928
14969,glmnet,None,FALSE,package,1.29999662053991
14970,glmnet,None,FALSE,package,0.216293116154182
14971,glmnet,None,FALSE,package,0.443973825393536
34539,glmnet,None,FALSE,package,0.220351956485052
125920,glmnet,None,FALSE,package,0.680292000192154
125921,glmnet,None,FALSE,package,0.828222189564323
125922,glmnet,None,FALSE,package,0.392285955539665
145681,glmnet,None,FALSE,package,1.127163174319
146195,glmnet,None,FALSE,package,0.646126501154954
146212,glmnet,None,FALSE,package,0.159122800399291
146606,glmnet,None,FALSE,package,0.649904250617543
146607,glmnet,None,FALSE,package,0.328806915141726
146800,glmnet,None,FALSE,package,0.343347150332266
146817,glmnet,None,FALSE,package,0.840378305820294
146818,glmnet,None,FALSE,package,0.332566415382964
146819,glmnet,None,FALSE,package,0.141462657450894
146820,glmnet,None,FALSE,package,0.191772110052821
146821,glmnet,None,FALSE,package,0.305655432055906
146822,glmnet,None,FALSE,package,0.376192802798424
146824,glmnet,None,FALSE,package,0.317294668924485
167119,glmnet,None,FALSE,package,0.727803261994374
167120,glmnet,None,FALSE,package,0.692586541365624
167125,glmnet,None,FALSE,package,0.122444914673428
167140,glmnet,None,FALSE,package,0.169568288649388
167141,glmnet,None,FALSE,package,0.310205654115407
168329,glmnet,None,FALSE,package,3.62911578064511
168330,glmnet,None,FALSE,package,0.862675852399585
168331,glmnet,None,FALSE,package,1.33938493845767
168335,glmnet,None,FALSE,package,0.372905545263734
168336,glmnet,None,FALSE,package,0.315339460486
168337,glmnet,None,FALSE,package,0.569821070161369
168338,glmnet,None,FALSE,package,0.36875520784324
168339,glmnet,None,FALSE,package,0.897908266440419
168759,glmnet,None,FALSE,package,0.0379443173907446
168761,glmnet,None,FALSE,package,0.234375210623614
168770,glmnet,None,FALSE,package,0.456364492098546
168868,glmnet,None,FALSE,package,0.0432638145712973
168908,glmnet,None,FALSE,package,0.541724602420707
168910,glmnet,None,FALSE,package,1.01762471622759
168911,glmnet,None,FALSE,package,0.440917777119969
189924,glmnet,None,FALSE,package,2.23560166477278
189927,glmnet,None,FALSE,package,0.605279310593307
189928,glmnet,None,FALSE,package,0.736606087201864
190411,glmnet,None,FALSE,package,0.336607755613461
190412,glmnet,None,FALSE,package,0.626232467560795
3,knn,None,FALSE,package,0.22816337699982
6,knn,None,FALSE,package,0.254999747637311
11,knn,None,FALSE,package,1.17890067095724
12,knn,None,FALSE,package,0.371134675821556
14,knn,None,FALSE,package,0.771320893921891
15,knn,None,FALSE,package,0.31272932338747
16,knn,None,FALSE,package,0.259071631186675
18,knn,None,FALSE,package,3.51356362200457
22,knn,None,FALSE,package,0.765130851671629
23,knn,None,FALSE,package,1.94972941012198
24,knn,None,FALSE,package,0.000591992335078937
28,knn,None,FALSE,package,0.110031549990079
29,knn,None,FALSE,package,0.793679378597422
31,knn,None,FALSE,package,0.952876886480277
32,knn,None,FALSE,package,0.0780930747210085
37,knn,None,FALSE,package,0.893697736085104
41,knn,None,FALSE,package,0.536654447710173
43,knn,None,FALSE,package,0.828172501509615
45,knn,None,FALSE,package,2.82331513828149
49,knn,None,FALSE,package,0.0704930087645905
53,knn,None,FALSE,package,1.30449378285226
58,knn,None,FALSE,package,0.423906703939726
219,knn,None,FALSE,package,0.615709016989179
2073,knn,None,FALSE,package,3.32816279126213
2074,knn,None,FALSE,package,0.517946225716254
2079,knn,None,FALSE,package,3.15992807980431
3021,knn,None,FALSE,package,0.707090091799171
3022,knn,None,FALSE,package,0.77265893960563
3481,knn,None,FALSE,package,0.533843946733816
3485,knn,None,FALSE,package,0.368058977370016
3493,knn,None,FALSE,package,3.40157051645229
3510,knn,None,FALSE,package,1.52225906542264
3512,knn,None,FALSE,package,0.0623216527094492
3549,knn,None,FALSE,package,0.0697731892519645
3560,knn,None,FALSE,package,7.00283744273182
3561,knn,None,FALSE,package,0.877652266771681
3573,knn,None,FALSE,package,0.598814186057306
3893,knn,None,FALSE,package,0.0624167291081762
3902,knn,None,FALSE,package,1.15154506440053
3903,knn,None,FALSE,package,0.876939694797296
3904,knn,None,FALSE,package,1.15745589400212
3907,knn,None,FALSE,package,0.120358499572081
3913,knn,None,FALSE,package,0.986666900081259
3917,knn,None,FALSE,package,1.01530301217189
3918,knn,None,FALSE,package,0.863495981531988
3945,knn,None,FALSE,package,0.529700460036653
7592,knn,None,FALSE,package,1.15502726345107
9910,knn,None,FALSE,package,0.987916487620371
9946,knn,None,FALSE,package,0.612810093221842
9950,knn,None,FALSE,package,2.15711419512415
9952,knn,None,FALSE,package,0.480097802593938
9956,knn,None,FALSE,package,3.16229778405784
9957,knn,None,FALSE,package,0.856808801924026
9960,knn,None,FALSE,package,0.80887674063134
9964,knn,None,FALSE,package,0.650591364607741
9970,knn,None,FALSE,package,0.731324123583616
9971,knn,None,FALSE,package,0.815664340064626
9976,knn,None,FALSE,package,0.554105970606356
9977,knn,None,FALSE,package,0.343751485512167
9978,knn,None,FALSE,package,0.676438383747865
9981,knn,None,FALSE,package,1.19241226146346
9985,knn,None,FALSE,package,4.10456426809385
9986,knn,None,FALSE,package,0.20695818657666
10090,knn,None,FALSE,package,12.9407037862793
10093,knn,None,FALSE,package,0.00340433316490754
10101,knn,None,FALSE,package,1.02873762768938
14952,knn,None,FALSE,package,0.184160804092997
14954,knn,None,FALSE,package,0.755257643178057
14965,knn,None,FALSE,package,0.919585578747663
14969,knn,None,FALSE,package,2.46729998098264
14970,knn,None,FALSE,package,0.146201347121074
14971,knn,None,FALSE,package,1.31499850682274
125920,knn,None,FALSE,package,0.905950338294405
125921,knn,None,FALSE,package,3.27596684276535
125922,knn,None,FALSE,package,0.0661857957877859
145681,knn,None,FALSE,package,2.98614758235019
146195,knn,None,FALSE,package,1.03301865207525
146212,knn,None,FALSE,package,0.139009410276041
146606,knn,None,FALSE,package,0.770488702934305
146607,knn,None,FALSE,package,0.885745483640416
146800,knn,None,FALSE,package,0.30821591110259
146817,knn,None,FALSE,package,4.80910125332187
146818,knn,None,FALSE,package,0.928551358115418
146819,knn,None,FALSE,package,0.547187482517711
146820,knn,None,FALSE,package,0.163848985713761
146821,knn,None,FALSE,package,1.14915934983071
146822,knn,None,FALSE,package,0.352529477697128
146824,knn,None,FALSE,package,0.24969807652017
146825,knn,None,FALSE,package,1.32810662938307
167119,knn,None,FALSE,package,0.780346533286803
167120,knn,None,FALSE,package,0.785286214813691
167121,knn,None,FALSE,package,1.39417586236177
167124,knn,None,FALSE,package,10.2844044571058
167125,knn,None,FALSE,package,0.72188883430388
167140,knn,None,FALSE,package,1.01178665697057
167141,knn,None,FALSE,package,1.30901250793642
168329,knn,None,FALSE,package,18.5730632203046
168330,knn,None,FALSE,package,2.25352284920488
168331,knn,None,FALSE,package,3.21275411254585
168332,knn,None,FALSE,package,10.6204102018492
168335,knn,None,FALSE,package,0.585828608147357
168336,knn,None,FALSE,package,1.30569514046905
168337,knn,None,FALSE,package,0.762582841869429
168338,knn,None,FALSE,package,0.83899585136267
168339,knn,None,FALSE,package,2.29846662918217
168759,knn,None,FALSE,package,0.0875154706245043
168761,knn,None,FALSE,package,0.58235510361208
168770,knn,None,FALSE,package,0.248450738528752
168868,knn,None,FALSE,package,0.145258436328964
168908,knn,None,FALSE,package,0.794476581882208
168910,knn,None,FALSE,package,3.88714990175652
168911,knn,None,FALSE,package,0.851558625298437
189924,knn,None,FALSE,package,10.5238431825683
189927,knn,None,FALSE,package,1.83149671322245
189928,knn,None,FALSE,package,2.09621131923201
190411,knn,None,FALSE,package,1.01265582340692
3,rf,None,FALSE,package,0.0970515915505718
6,rf,None,FALSE,package,0.259443216511423
11,rf,None,FALSE,package,0.463348721140933
12,rf,None,FALSE,package,0.401117442565395
14,rf,None,FALSE,package,1.03504872321262
15,rf,None,FALSE,package,0.09313376770217
16,rf,None,FALSE,package,0.45859822231873
18,rf,None,FALSE,package,0.754898640055766
22,rf,None,FALSE,package,0.913375867579319
23,rf,None,FALSE,package,0.94207065812864
24,rf,None,FALSE,package,0.127670251717788
28,rf,None,FALSE,package,0.205394047141655
29,rf,None,FALSE,package,0.415561490037437
31,rf,None,FALSE,package,0.522782382482376
32,rf,None,FALSE,package,0.0832205119042119
37,rf,None,FALSE,package,0.488913548683746
41,rf,None,FALSE,package,0.863147319456485
43,rf,None,FALSE,package,0.284539496927611
45,rf,None,FALSE,package,0.546426719980252
49,rf,None,FALSE,package,0.181070169830592
53,rf,None,FALSE,package,0.579661647161377
58,rf,None,FALSE,package,0.525328590542915
219,rf,None,FALSE,package,0.336816665259542
2073,rf,None,FALSE,package,1.15234864859617
2074,rf,None,FALSE,package,0.246389052898591
2079,rf,None,FALSE,package,1.1531353070875
3021,rf,None,FALSE,package,0.162548203343816
3022,rf,None,FALSE,package,0.652826771859817
3481,rf,None,FALSE,package,1.1597885605843
3485,rf,None,FALSE,package,0.31464313639363
3493,rf,None,FALSE,package,0.556841614705228
3510,rf,None,FALSE,package,0.332547355580192
3512,rf,None,FALSE,package,0.245895335603168
3549,rf,None,FALSE,package,0.34180559880628
3560,rf,None,FALSE,package,1.93651033308887
3561,rf,None,FALSE,package,0.608852458642069
3573,rf,None,FALSE,package,0.244145236065278
3893,rf,None,FALSE,package,0.131438318372854
3902,rf,None,FALSE,package,0.240896738242634
3903,rf,None,FALSE,package,0.246142903869743
3904,rf,None,FALSE,package,0.440685998153209
3907,rf,None,FALSE,package,0.0195948463597552
3913,rf,None,FALSE,package,0.390345946948699
3917,rf,None,FALSE,package,0.325437647325908
3918,rf,None,FALSE,package,0.17926524839314
3945,rf,None,FALSE,package,0.0883163370962802
7592,rf,None,FALSE,package,0.32295924539287
9910,rf,None,FALSE,package,0.637648928002813
9946,rf,None,FALSE,package,0.131872122907747
9950,rf,None,FALSE,package,1.84508761484462
9952,rf,None,FALSE,package,0.239673657817911
9956,rf,None,FALSE,package,1.11611765666894
9957,rf,None,FALSE,package,0.401475583924473
9960,rf,None,FALSE,package,0.134816866954394
9964,rf,None,FALSE,package,0.507883455223724
9970,rf,None,FALSE,package,0.686593477504389
9971,rf,None,FALSE,package,0.503842701646608
9976,rf,None,FALSE,package,0.683945571850987
9977,rf,None,FALSE,package,0.251792374501829
9978,rf,None,FALSE,package,0.155136087437755
9981,rf,None,FALSE,package,2.0704308025415
9985,rf,None,FALSE,package,1.08893929654019
9986,rf,None,FALSE,package,0.0812909711918323
10090,rf,None,FALSE,package,2.06576751790048
10093,rf,None,FALSE,package,0.0265842908489645
10101,rf,None,FALSE,package,0.548295098778636
10106,rf,None,FALSE,package,0.0103409567595441
14952,rf,None,FALSE,package,0.392848565086087
14954,rf,None,FALSE,package,0.533727438949719
14965,rf,None,FALSE,package,0.200180488767467
14969,rf,None,FALSE,package,0.990441744494887
14970,rf,None,FALSE,package,0.449542439448101
14971,rf,None,FALSE,package,0.431874136911079
34539,rf,None,FALSE,package,0.206137921124534
125920,rf,None,FALSE,package,0.667791417173869
125921,rf,None,FALSE,package,1.25762504680053
125922,rf,None,FALSE,package,0.213645600247545
145681,rf,None,FALSE,package,0.799119789148663
146195,rf,None,FALSE,package,0.774121187496652
146212,rf,None,FALSE,package,0.00082311827359656
146606,rf,None,FALSE,package,0.666009531299016
146607,rf,None,FALSE,package,0.399948248551908
146800,rf,None,FALSE,package,1.46489427296257
146817,rf,None,FALSE,package,0.697441433319895
146818,rf,None,FALSE,package,0.392787450568288
146819,rf,None,FALSE,package,0.232787474955122
146820,rf,None,FALSE,package,0.0635230107882164
146821,rf,None,FALSE,package,0.397635264334312
146822,rf,None,FALSE,package,0.0942045400870545
146824,rf,None,FALSE,package,0.61421393231235
146825,rf,None,FALSE,package,0.363832996627337
167119,rf,None,FALSE,package,0.559654984075571
167120,rf,None,FALSE,package,0.694384343996807
167121,rf,None,FALSE,package,0.835033479636105
167124,rf,None,FALSE,package,1.74338381921794
167125,rf,None,FALSE,package,0.31326798744864
167140,rf,None,FALSE,package,0.752033106124732
167141,rf,None,FALSE,package,0.273523253217489
167211,rf,None,FALSE,package,0.025038355902539
168329,rf,None,FALSE,package,3.440666561511
168330,rf,None,FALSE,package,0.818896497557623
168331,rf,None,FALSE,package,1.19436119642481
168332,rf,None,FALSE,package,1.87783603540017
168335,rf,None,FALSE,package,0.206094564326237
168336,rf,None,FALSE,package,0.329558688851514
168337,rf,None,FALSE,package,0.738448925058488
168338,rf,None,FALSE,package,0.0688100624064509
168339,rf,None,FALSE,package,0.855602570732639
168868,rf,None,FALSE,package,0.0415285061399884
168908,rf,None,FALSE,package,0.599738842969255
168909,rf,None,FALSE,package,0.711462249627441
168910,rf,None,FALSE,package,1.6208591587123
168911,rf,None,FALSE,package,0.395994562157423
168912,rf,None,FALSE,package,0.330571849685496
189924,rf,None,FALSE,package,2.10471456115588
189927,rf,None,FALSE,package,0.650664221841205
189928,rf,None,FALSE,package,0.544414222957317
190411,rf,None,FALSE,package,0.437420413146114
190412,rf,None,FALSE,package,0.516332254969456
3,rpart,None,FALSE,package,0.123722313627124
6,rpart,None,FALSE,package,1.83785636695195
11,rpart,None,FALSE,package,0.989874029952372
12,rpart,None,FALSE,package,1.03231766714414
14,rpart,None,FALSE,package,1.25265394316918
15,rpart,None,FALSE,package,0.29834029469509
16,rpart,None,FALSE,package,1.39899545382849
18,rpart,None,FALSE,package,0.959945152228547
22,rpart,None,FALSE,package,1.52584077544274
23,rpart,None,FALSE,package,0.939717942777705
24,rpart,None,FALSE,package,0.0325797318128997
28,rpart,None,FALSE,package,1.01485145488813
29,rpart,None,FALSE,package,0.465706741209584
31,rpart,None,FALSE,package,0.744968884336539
32,rpart,None,FALSE,package,0.698516634273928
37,rpart,None,FALSE,package,0.847059253220477
41,rpart,None,FALSE,package,0.250186485916385
43,rpart,None,FALSE,package,0.339670974643954
45,rpart,None,FALSE,package,0.22027628911189
49,rpart,None,FALSE,package,0.169482537113769
53,rpart,None,FALSE,package,0.815675232970615
58,rpart,None,FALSE,package,0.6740085737707
219,rpart,None,FALSE,package,0.545446550822937
2073,rpart,None,FALSE,package,1.71425512946759
2074,rpart,None,FALSE,package,0.666053482464849
2079,rpart,None,FALSE,package,1.46061129448419
3021,rpart,None,FALSE,package,0.0829885075825901
3022,rpart,None,FALSE,package,1.83714267346544
3481,rpart,None,FALSE,package,1.351424272966
3485,rpart,None,FALSE,package,0.196103406125793
3493,rpart,None,FALSE,package,0.314618071825726
3510,rpart,None,FALSE,package,1.10422785139823
3512,rpart,None,FALSE,package,0.719551865336898
3549,rpart,None,FALSE,package,0.662244917520404
3560,rpart,None,FALSE,package,1.86668624979543
3561,rpart,None,FALSE,package,1.22633660423571
3573,rpart,None,FALSE,package,1.36929992310072
3893,rpart,None,FALSE,package,0.0572999345781275
3902,rpart,None,FALSE,package,0.538223197315307
3903,rpart,None,FALSE,package,0.653106871257236
3904,rpart,None,FALSE,package,0.487324751417722
3907,rpart,None,FALSE,package,0.0412618156058105
3913,rpart,None,FALSE,package,1.26272720251093
3917,rpart,None,FALSE,package,0.456071698684551
3918,rpart,None,FALSE,package,0.363526478302053
3945,rpart,None,FALSE,package,0.0893489430112594
7592,rpart,None,FALSE,package,0.372718959585153
9910,rpart,None,FALSE,package,0.54912133783104
9946,rpart,None,FALSE,package,0.285580789959062
9950,rpart,None,FALSE,package,3.40873464006989
9952,rpart,None,FALSE,package,0.438001421573744
9956,rpart,None,FALSE,package,4.68510454382188
9957,rpart,None,FALSE,package,0.548624067272341
9960,rpart,None,FALSE,package,0.143046597565364
9964,rpart,None,FALSE,package,1.66327861166112
9970,rpart,None,FALSE,package,0.891375051201121
9971,rpart,None,FALSE,package,1.59309175645322
9976,rpart,None,FALSE,package,0.526884387337798
9977,rpart,None,FALSE,package,0.248975235140508
9978,rpart,None,FALSE,package,0.541813782696476
9981,rpart,None,FALSE,package,0.963603031906953
9985,rpart,None,FALSE,package,1.4795114198629
9986,rpart,None,FALSE,package,0.611919752812673
10090,rpart,None,FALSE,package,3.67809042545695
10093,rpart,None,FALSE,package,0.157826278086641
10101,rpart,None,FALSE,package,0.573226265199175
14952,rpart,None,FALSE,package,0.301963008204334
14954,rpart,None,FALSE,package,1.02375873761786
14965,rpart,None,FALSE,package,0.282549197942909
14969,rpart,None,FALSE,package,1.31037184482438
14970,rpart,None,FALSE,package,0.414155307368132
14971,rpart,None,FALSE,package,0.453370361040841
125920,rpart,None,FALSE,package,1.88366496161167
125921,rpart,None,FALSE,package,2.18493364179257
125922,rpart,None,FALSE,package,0.694490645948086
145681,rpart,None,FALSE,package,1.16762525947519
146195,rpart,None,FALSE,package,0.816573065738311
146212,rpart,None,FALSE,package,0.0386527372548906
146606,rpart,None,FALSE,package,0.639424230936697
146607,rpart,None,FALSE,package,0.377510120854744
146800,rpart,None,FALSE,package,1.20140880680096
146817,rpart,None,FALSE,package,1.13010555941538
146818,rpart,None,FALSE,package,0.382103940695583
146819,rpart,None,FALSE,package,1.52456263072609
146820,rpart,None,FALSE,package,0.102705402612013
146821,rpart,None,FALSE,package,0.171145193298127
146822,rpart,None,FALSE,package,0.306423948211192
146824,rpart,None,FALSE,package,1.26655368849439
146825,rpart,None,FALSE,package,0.964939925991638
167119,rpart,None,FALSE,package,0.68326519761145
167120,rpart,None,FALSE,package,0.692758868478361
167121,rpart,None,FALSE,package,3.23832871044446
167124,rpart,None,FALSE,package,2.1308358434766
167125,rpart,None,FALSE,package,0.15953411143586
167140,rpart,None,FALSE,package,0.318042967762762
167141,rpart,None,FALSE,package,0.199090407202519
168329,rpart,None,FALSE,package,3.62106500417341
168330,rpart,None,FALSE,package,0.924209291580162
168331,rpart,None,FALSE,package,1.62847587896834
168332,rpart,None,FALSE,package,2.11340562091513
168335,rpart,None,FALSE,package,0.340510916086743
168336,rpart,None,FALSE,package,0.325046253129847
168337,rpart,None,FALSE,package,0.598178774023604
168338,rpart,None,FALSE,package,0.460242176121862
168339,rpart,None,FALSE,package,0.916824245399663
168759,rpart,None,FALSE,package,0.0895507457659387
168761,rpart,None,FALSE,package,0.29238527062195
168770,rpart,None,FALSE,package,1.05981377156063
168868,rpart,None,FALSE,package,0.0372063650854146
168908,rpart,None,FALSE,package,0.610060362911278
168910,rpart,None,FALSE,package,1.72325483366534
168911,rpart,None,FALSE,package,0.444058020364846
189928,rpart,None,FALSE,package,0.778718446647867
190411,rpart,None,FALSE,package,0.378746396257871
190412,rpart,None,FALSE,package,8.36010990610945
3,svm,None,FALSE,package,0.119691222301291
6,svm,None,FALSE,package,0.169643799126785
11,svm,None,FALSE,package,0.216910127435398
12,svm,None,FALSE,package,0.104341656887805
14,svm,None,FALSE,package,0.409787661005746
15,svm,None,FALSE,package,0.100511880358051
16,svm,None,FALSE,package,0.116741552417321
18,svm,None,FALSE,package,0.647420208227846
22,svm,None,FALSE,package,0.327243085553565
23,svm,None,FALSE,package,0.928121464419575
24,svm,None,FALSE,package,0.000324163383204312
28,svm,None,FALSE,package,0.0564203289658326
29,svm,None,FALSE,package,0.343747585907208
31,svm,None,FALSE,package,0.496441782360528
32,svm,None,FALSE,package,0.0235685360125034
37,svm,None,FALSE,package,0.490110393454483
41,svm,None,FALSE,package,0.373119513348989
43,svm,None,FALSE,package,0.192632063335559
45,svm,None,FALSE,package,0.138982453201992
49,svm,None,FALSE,package,0.0357348098324212
53,svm,None,FALSE,package,0.43854135762633
58,svm,None,FALSE,package,0.322321886997975
219,svm,None,FALSE,package,0.436741756013927
2073,svm,None,FALSE,package,1.03923784553628
2074,svm,None,FALSE,package,0.264566283948091
2079,svm,None,FALSE,package,0.73670633066072
3021,svm,None,FALSE,package,0.0818937369188911
3022,svm,None,FALSE,package,0.152967232767139
3485,svm,None,FALSE,package,0.206412929793267
3493,svm,None,FALSE,package,0.616944237147955
3510,svm,None,FALSE,package,0.0480217117026854
3512,svm,None,FALSE,package,0.0563083016340106
3549,svm,None,FALSE,package,0.0261240384600139
3560,svm,None,FALSE,package,1.76302317100379
3561,svm,None,FALSE,package,0.566921182103686
3893,svm,None,FALSE,package,0.0212439469484412
3902,svm,None,FALSE,package,0.245834965827152
3904,svm,None,FALSE,package,0.467812241446863
3907,svm,None,FALSE,package,0.0335144793938524
3913,svm,None,FALSE,package,0.413465205482576
3917,svm,None,FALSE,package,0.39003068688719
3918,svm,None,FALSE,package,0.239283385826327
7592,svm,None,FALSE,package,0.339974469697267
9910,svm,None,FALSE,package,0.469724928095441
9946,svm,None,FALSE,package,0.0782011998916426
9950,svm,None,FALSE,package,1.5466216319243
9952,svm,None,FALSE,package,0.34365352617029
9956,svm,None,FALSE,package,1.91590051229602
9957,svm,None,FALSE,package,0.309336699503195
9960,svm,None,FALSE,package,0.296174886463408
9964,svm,None,FALSE,package,0.163297933976535
9970,svm,None,FALSE,package,0.694756194164193
9971,svm,None,FALSE,package,0.581757635059509
9976,svm,None,FALSE,package,0.669244905057059
9977,svm,None,FALSE,package,0.107839472208053
9978,svm,None,FALSE,package,0.15404021704127
9981,svm,None,FALSE,package,0.36904190696644
9985,svm,None,FALSE,package,1.32302401541514
9986,svm,None,FALSE,package,0.0569255302592387
10090,svm,None,FALSE,package,2.26029944417769
10093,svm,None,FALSE,package,0.00303732184741655
10101,svm,None,FALSE,package,0.498536449360112
10106,svm,None,FALSE,package,0.00556288996385984
14952,svm,None,FALSE,package,0.125263775695021
14954,svm,None,FALSE,package,0.440302082434747
14965,svm,None,FALSE,package,0.252049852310099
14969,svm,None,FALSE,package,1.15682064976885
14970,svm,None,FALSE,package,0.0542374302568248
34539,svm,None,FALSE,package,0.219514762236142
125920,svm,None,FALSE,package,0.659217560953535
125921,svm,None,FALSE,package,0.96976688814802
125922,svm,None,FALSE,package,0.0332884272508738
145681,svm,None,FALSE,package,1.01760986346017
146195,svm,None,FALSE,package,0.457977060049317
146212,svm,None,FALSE,package,0.00499352990290759
146607,svm,None,FALSE,package,0.317640052167313
146800,svm,None,FALSE,package,0.0516811845521433
146817,svm,None,FALSE,package,0.630056449521332
146818,svm,None,FALSE,package,0.3394252915559
146819,svm,None,FALSE,package,0.139759637280718
146820,svm,None,FALSE,package,0.0398630370359238
146821,svm,None,FALSE,package,0.112917273684665
146822,svm,None,FALSE,package,0.183805386816824
146824,svm,None,FALSE,package,0.0977087700496402
167119,svm,None,FALSE,package,0.383272940593631
167125,svm,None,FALSE,package,0.133408075072414
167140,svm,None,FALSE,package,0.128730052963027
167141,svm,None,FALSE,package,0.218487889114577
167211,svm,None,FALSE,package,0.0211749552390686
168329,svm,None,FALSE,package,2.69247134822525
168336,svm,None,FALSE,package,0.320391512305192
168868,svm,None,FALSE,package,0.0281114782640845
168909,svm,None,FALSE,package,0.0502587757106725
168910,svm,None,FALSE,package,0.90013532950427
168911,svm,None,FALSE,package,0.431381943395111
168912,svm,None,FALSE,package,0.191933579390671
189924,svm,None,FALSE,package,2.15146372352611
189927,svm,None,FALSE,package,0.62008650688996
189928,svm,None,FALSE,package,0.594344800924253
190411,svm,None,FALSE,package,0.357681262536469
